{"cameraMode":{"drawMode":0,"name":"Shaded","section":"Shading Mode"},"sceneLighting":true,"audioPlay":false,"sceneViewState":{"m_AlwaysRefresh":false,"showFog":true,"showSkybox":true,"showFlares":true,"showImageEffects":true,"showParticleSystems":true,"showVisualEffectGraphs":true,"m_FxEnabled":false},"in2DMode":false,"pivot":{"x":5.772990703582764,"y":0.8085941672325134,"z":-5.267100811004639},"rotation":{"x":-0.04924650862812996,"y":0.2974150776863098,"z":-0.015362035483121872,"w":-0.9533587694168091},"size":3.0461606979370119,"orthographic":false}